{
    "Engine_Alpha (DeepLearning)": 10.671054914538015,
    "Engine_Beta (Reinforcement)": 5.412474027420318,
    "Engine_Gamma (Statistical)": 9.819957432917452
}